# Replace 
```SQL
mysql> SELECT REPLACE ('hello world', 'o', '#') ;
+-----------------------------------+
| REPLACE ('hello world', 'o', '#') |
+-----------------------------------+
| hell# w#rld                       |
+-----------------------------------+
1 row in set (0.01 sec)

mysql> SELECT REPLACE ('hello world', 'hell', '#') ;
+--------------------------------------+
| REPLACE ('hello world', 'hell', '#') |
+--------------------------------------+
| #o world                             |
+--------------------------------------+
1 row in set (0.00 sec)
```
Also replace is case sensitive. 